danceability,loudness,energy,acousticness,speechiness,label
-0.4795129123917098,-1.2560565928165537,-0.2891290856770585,1.0515295067080006,-0.5214432794312482,1
0.6838074851362546,0.3126089680413956,0.07826761133720044,-0.4890720013899322,-0.6408951201208063,1
0.1952129181745092,-0.15501222130296755,-0.5498622254936294,-0.07213378134807334,-0.6666967177097507,1
1.242201275949677,-0.4955516436917505,-1.4742797212069263,0.7203445375967367,-0.5357775003139952,1
-0.7645264097860609,0.07393352447794548,-0.5340602170198979,1.5542209776804552,-0.6103154489042794,1
0.21266272413742868,-0.8021364064720892,-0.7631893398890056,0.4926548713327429,-0.5262213530588306,1
-0.5202291263051886,0.30645344495448457,0.7933084947735543,0.7085165029856202,-0.3656780791720648,0
1.3294503057642737,-0.2129932774764516,-0.6288722678622873,0.2797502483326447,-0.4029470534672068,1
-1.026273499229853,-1.2292502825993603,-1.0673780030083384,1.1550248095552706,-0.4144144301734044,1
-1.77079855364775,-0.247940763389236,-1.375517168246104,1.6429312372638287,-0.6303833581401251,1
-0.41553029052767176,0.4093102500841578,-0.07975247340011543,0.5103969232494178,1.8828833699681744,1
-1.567217484080356,-0.09802399143382456,-1.2412000962193857,1.7582545747222156,-0.5558454095498411,1
-0.29338164878723544,0.2852069620415985,0.5483773634307146,-0.9388330174776396,-0.6600074146311355,1
-0.9273912654399756,-0.4316136296922238,-1.221447585627221,1.764168592027774,-0.6361170464932239,1
-0.9971904892916541,0.4132815553015196,-0.12715849882130972,0.004748443624184411,-0.6800753238669812,1
-2.020912439116262,0.3838938966930415,-0.11925749458444435,1.0308304461385465,0.019434655211069983,1
0.5325758334576184,0.3126089680413956,0.8881205456159437,-1.047089104255884,-0.4125032007223714,0
-0.031634559343443974,-0.3549674389971393,-0.036296950097353564,-1.0118711312012845,-0.6447175790228721,1
-0.41553029052767176,-2.89163864658705,-2.0972739052837936,1.8765349208333812,-0.4707956989788757,1
1.4574155494923502,0.4317481245622524,0.05851510074503595,-1.0041829087040588,3.0296210405879305,0
0.3987939877419031,0.6442129536911139,0.4140602914039966,0.19399699740204948,-0.3933909062120422,1
0.3173615599149449,0.29314957247632234,1.113299166366618,-0.6576214945983433,2.465808352533217,0
-0.5667619422063073,-0.3003619922584132,0.034812088034438575,0.7617426587356447,2.2555731129195946,1
-0.7703430117737011,0.7955196824726021,0.6984964439311643,-0.9873279593832176,2.2651292601747595,0
0.4918596195441397,0.6142295993000315,1.168606196024679,-0.985849455056828,-0.4832186904105898,1
-0.8517754396006584,-3.3255037415838373,-2.2868980069685723,1.88244893813894,-0.41823688907547024,1
0.36389437581606415,0.4436620402143379,0.3864067765749664,-0.14901600632033093,-0.6800753238669812,1
1.2480178779373163,0.7683162417336732,1.0619426388269908,-0.9080801274887366,0.0385469497213994,0
0.1719465102239499,0.4021619006929063,0.28764422361414393,-0.5541261917510734,-0.2395369354038916,0
0.334811365877865,0.8316585599505952,1.0461406303532597,-0.06326275538973575,0.6405842267967714,1
-2.3001093345229733,-0.4772836396918857,-0.4194956555853441,0.007705452276963556,-0.6743416355138825,1
-0.07235077325692275,-1.1464485688173651,-0.6565257826913176,1.3945425104303812,-0.6657411029842342,1
-1.6602831158825937,-2.784611970979148,-1.7666168779709603,1.8499218429583688,-0.4039026681927233,1
-0.28174844481195643,0.3668172842583852,-0.11925749458444435,0.9273351432912764,0.057659244231728565,1
0.3813441817789836,-0.6990810360815474,-1.4505767084963292,1.755297566069436,0.08632768599722263,0
-2.241943314646575,-3.748050616711144,-1.990215297874262,1.7878246612500068,-0.5778245482367197,1
-0.17123300704679914,0.6648637408213957,1.3661313019463233,0.4660417934577306,-0.477485002057491,0
1.3061838978137146,1.010962990514485,0.7103479502864634,-0.5334271311816194,1.2999583874031309,0
0.6140082612845766,1.4007465975985551,0.7656549799445235,-0.7019766243900305,1.4528567434857649,0
1.5097649673811084,0.8993693139066156,1.0263881197610951,-0.9728386169845998,0.0385469497213994,0
-1.1018893250691706,0.8840797888197724,1.0816951494191551,-0.7019766243900305,0.955937086217204,0
0.2882785499767457,0.8886467898197385,1.0145366134057958,-0.9917634723623864,-0.6485400379249379,1
0.5151260274946996,0.3912408113451611,0.17307966217958995,-0.9471126417054212,-0.595025613296016,1
0.09051408239699237,0.9128717516456462,1.4569928506702798,-1.0302932951080983,-0.438304798311316,0
1.0037205944564442,-1.3720187051635209,-0.7829418504811702,-0.25546831782038,-0.6571405704545861,1
-0.10143378319512188,-0.15461509078123162,-1.7903198906815576,-0.2791243870426131,0.057659244231728565,0
-1.2880205886736449,0.36165458747581497,-0.3562876216904177,-0.3826196898898831,-0.5959812280215324,1
-1.6195669019691146,-3.696820779407175,-2.169173043839272,1.8647068862222649,-0.4841743051361062,1
0.16612990823631008,0.15077828043389824,0.022960581679139884,0.04910357341587158,-0.6676523324352672,0
-1.1716885489208484,0.5884161153871792,0.8565165286684799,-0.8300150990553673,-0.04268030194750007,1
0.2417457340756278,0.8411896924722639,1.1409526811956483,-0.3086944735704046,-0.5548897948243245,0
0.5151260274946996,0.10590253147770884,-0.11135649034757816,1.0485724980552218,-0.2490930826590561,1
-0.9215746634523364,-0.41056571204020575,-1.087130513600503,1.1993799393469575,-0.477485002057491,1
-0.09561718120748204,-1.4200714982935998,-1.9483399754188733,1.705028418972191,-0.6695635618863002,1
-1.6602831158825937,-0.1057680366076802,-1.0634275008899057,-0.9181339569081856,-0.6752972502393989,1
0.1428635002857508,-0.10358381873813133,-0.016544439505189076,0.5636230789994421,-0.6552293410035532,0
0.4220603956924624,-0.4435275453443096,-0.3009805920323572,0.7706136846939822,-0.6963207742007611,1
-0.985557285316374,0.07413208973881345,-0.858001390731395,0.9598622384718474,-0.6265608992380592,1
0.701257291099174,0.4889349196922636,1.2713192511039335,0.5488380357355463,-0.6170047519828946,1
-1.8813139914129065,-2.1754137506358324,-1.9732281387650008,1.3561013979442522,-0.52908819723538,1
-0.5493121362433878,0.5844448101698173,0.0032080710869754037,-0.9852580533262724,-0.6724304060628495,0
-2.3699085583746515,-1.3795641850765086,-1.7547653716156617,1.81148073047224,-0.5405555739415776,1
0.567475445383458,-1.4651458125106571,-0.93306093098162,1.3590584065970317,-0.6399395053952898,1
1.8762108926024168,0.38290107038870097,0.536525857075416,-1.051081065937136,-0.10479525910607013,0
1.3876163256406722,0.8231202537332672,0.9434275752740038,-1.0495138513511628,1.7682096029061982,0
-0.4620631064287904,0.6328947338216324,0.8051600011288524,-0.3855766985426624,-0.6408951201208063,1
-0.4853295143793497,-0.8493949385586954,0.26789171302197945,1.3472303719859149,-0.5300438119608964,1
-0.22939902692319736,1.091183355905195,1.113299166366618,-1.029376622425737,-0.5940699985704995,0
0.7128904950744537,-0.5662408765607919,0.27579271725884524,0.06388861667976731,1.8351026336923508,1
-0.08980057921984222,-1.8803457729858437,-1.4268736957857318,1.8794919294861605,-0.5061534438229849,1
-1.3752696184882425,-0.3605272663014457,-0.40369364711161226,1.3413163546803564,-0.5338662708629623,1
-1.11352252904445,0.7240361885600879,0.6550409206284028,-1.029908883983237,-0.5568010242753574,1
-0.13633339512096082,0.7379357568208545,1.259467744748635,-0.8820584513442802,0.3156752201211738,1
0.07306427643407287,0.9305440598629064,1.2555172426302026,-1.006548515626282,-0.4813074609595568,0
0.2708287440138269,0.5369877128223427,1.1172496684850513,-0.8548539717387121,-0.4660176253512934,0
-0.014184753380524504,0.07035934978231997,-0.3839411365194478,0.05797459937420901,-0.6208272108849605,1
0.235929132087988,-0.6675091596035202,-1.268853611048416,1.2259930172219702,-0.6676523324352672,1
-0.5783951461815866,-0.10676086291202083,0.2639412109035461,-0.08691882461196906,-0.6007593016491147,1
-2.0907116629679403,-1.130960478469654,-1.7231613546681983,1.7612115833749944,-0.62369405506151,1
1.0153537984317231,0.7685148069945413,0.3587532617459361,-1.0407611057389368,-0.4039026681927233,0
-0.08398397723220176,0.6612895661257702,0.8841700434975104,-0.5363841398343985,-0.6256052845125428,1
0.1486801022733906,-0.25429485173701505,0.01505957744227409,-0.8368162189567594,-0.6628742588076849,1
0.4046105897295423,1.138441887991802,1.3977353188937864,-0.6517074772927851,-0.3360540226810544,0
-1.6602831158825937,-0.1057680366076802,-1.0634275008899057,-0.9181339569081856,-0.6752972502393989,1
-0.1072503851827617,0.6785647438212943,1.0026851070504972,-1.0388094800281025,-0.10288402965503726,0
0.30572835593966585,0.4720568725184756,0.8407145201947489,-1.0289035010412924,-0.6208272108849605,1
-0.4969627183546294,-0.2042564059982553,0.7221994566417621,-1.0266561744651803,-0.582602621864302,1
-0.014184753380524504,1.252021217208352,1.0974971578928867,0.1318998156936876,-0.6256052845125428,0
0.23011253010034816,0.8310628641679911,1.0619426388269908,-0.0336926688619443,-0.5023309849209191,0
0.9746375845182452,0.4901263112574722,1.2318142299196049,-1.0365325833654626,-0.4459497161154477,1
0.2708287440138269,0.7389285831251949,0.6787439333389997,-0.14901600632033093,2.723824328422661,0
-0.9215746634523364,0.1346944943035825,-0.5143077064277336,-0.21702720533425127,-0.6552293410035532,1
0.6430912712227758,0.7939311603856574,0.647139916391537,-0.9388330174776396,-0.06943751426196101,0
1.6202804051462651,0.9696614162539212,0.9513285795108696,-1.0027044043776692,-0.4688844695278428,0
1.0037205944564442,0.84575669347223,0.785407490536688,-0.9959032844762772,-0.6800753238669812,0
-1.590483892030916,-3.83383080940616,-2.1652225417208397,1.7405125228055407,-0.5376887297650281,1
1.562114385269867,0.33504684251949024,0.27579271725884524,-1.0364438731058792,0.08632768599722263,0
-1.5963004940185552,-3.0814670359769494,-2.13045812307863,1.84696483430559,-0.5319550414119294,1
-0.5318623302804683,0.3964035081277316,0.1177726325215294,-0.9873279593832176,-0.5912031543939501,1
0.468593211593581,0.5453274537788027,-0.3839411365194478,-0.6073523475010979,-0.17264390461773912,1
1.6319136091215447,0.4913177028226808,-0.2259210517821321,-0.4062757591121163,-0.438304798311316,1
0.7826897189261309,0.6739977428213281,0.607634895207208,-0.7315467109178219,-0.5223988941567648,0
-0.18286621102207945,0.24549390986797956,-0.526159212783032,0.6759894078050496,0.4016805454176553,1
0.4802264155688606,-0.997326057905426,-0.5143077064277336,0.3388904213882276,-0.5682684009815551,1
1.0560700123452027,0.393226463953842,0.08221811345563332,-1.0195593536985104,-0.5787801629622361,1
0.06143107245879322,0.0014572042610908225,0.65109041850997,-1.0372718355286574,-0.7163886834366068,1
-1.6021170960061952,1.1438031500352404,1.4253888337228169,-1.0430971425746325,0.44946128169347854,1
0.09633068438463216,0.5411575833005727,0.08616861557406623,0.15259887626314148,-0.5539341800988081,0
-0.9157580614646964,-1.1823888810344905,-0.4194956555853441,1.0190024115274303,-0.35803316136793306,1
0.7187070970620928,-1.2556594622948174,-0.5064067021908676,0.2679222137215279,-0.6007593016491147,1
0.945554574580046,0.7419070620382165,0.5483773634307146,-0.3293935341398585,-0.5998036869235983,1
0.5849252513463775,0.10947670617333467,-0.2654260729664611,-1.013053934662396,-0.18124443714738728,0
-0.41553029052767176,-2.7498630503272308,-2.1288779222312564,1.8765349208333812,-0.3408320963086368,1
-2.550223219991486,0.7927397688204488,1.417487829485951,-1.0568067809316852,-0.149709151205344,0
1.5272147733440284,1.0224797756448345,0.6392389121546708,-0.5600402090566317,-0.3312759490534721,0
0.35807777382842365,-0.28765381556285513,-0.3523371195719848,1.1343257489858165,1.2617337983824728,1
-0.2352156289108372,0.5369877128223427,0.1967826748901873,-0.8918165798984513,2.8958349790156253,0
1.829678076701298,-0.2546919822587513,-0.19036653271623608,-0.8714132201942751,1.2235092093618138,0
-0.2642986388490363,1.0155299915144511,1.4095868252490849,-0.9852580533262724,-0.2605604593652537,1
0.003265052582394973,0.3954106818233911,0.9592295837477358,-1.0441912357761605,2.63781900312618,0
-0.36899747462655386,-3.7621487502327784,-2.1829998012537875,0.977604290388522,-0.5634903273539726,1
-0.9041248574894168,0.3044677923458036,0.6234369036809396,-0.34417857740375424,4.501267717883284,0
-0.8634086435759383,1.1918559431653193,1.567606909986401,-1.0566301883749414,0.1341084222730457,0
-0.14796659909623985,0.15435245512952392,-0.4550501746512401,1.202336947999737,-0.7001432331028271,1
0.6140082612845766,1.1513486299482278,1.5518049015126694,-1.046556842698384,0.4685735762038081,0
0.20684612214978884,0.3018864439545184,0.8328135159578831,-0.7374607282233802,-0.6953651594752447,1
-1.8638641854499869,0.8725630036894229,1.5320523909205048,-1.0504896642065802,0.8508194664103933,0
1.4166993355788708,0.3082405323022973,0.44566430835145976,-0.7691007208081171,-0.4545502486450959,0
-0.2875650467995957,0.9424579755149922,1.0263881197610951,-1.046556842698384,-0.6600074146311355,1
1.009537196444084,0.2311972110854767,-0.3523371195719848,-0.13718797170921435,-0.15448722483292632,0
-1.4857850562533983,0.8888453550806066,1.5043988760914746,0.9746472817357432,-0.05414767865369769,1
0.3289947638902252,0.7035839666906741,0.2599907087851137,0.04614656476309244,-0.4574170928216452,1
-0.7238101958725822,0.07373495921707747,0.4219612956408619,0.7646996673884239,-0.045547146124049406,1
0.5849252513463775,0.2595920433896141,1.4016858210122198,-1.0151238407193417,-0.6084042194532465,0
1.160768848122719,-0.13376573839008155,-1.3518141555355068,1.6547592718749458,-0.5233545088822812,1
-1.3112869966242042,0.34616649712810355,0.9039225540896748,-0.9840752498651606,-0.4029470534672068,0
-0.0607175692816431,1.2184636881216442,1.1172496684850513,-1.0540853867283595,0.057659244231728565,1
-0.5434955342557479,0.3856809840408544,1.1923092087352758,-0.9184296577734636,1.0037178224930274,0
0.5965584553216571,0.9926949865146204,0.7735559841813897,-0.9086715292192924,0.15322071678337498,0
0.7477901070002919,-0.4437261106051779,-1.079229509363637,0.6523333385828164,2.1408993458576187,0
-2.3408255484364524,-0.44869024212687997,-1.2016950750350568,0.8770659961940314,-0.6026705311001477,1
0.8641221467530884,0.6164138171695805,0.9671305879846016,-0.25546831782038,-0.4373491835857996,1
0.1486801022733906,0.5157412299094564,0.7617044778260911,-0.996198985341555,-0.4841743051361062,1
0.4802264155688606,-0.009861015608390306,0.3548027596275032,-0.9009833067220666,1.7108727193752105,0
0.8466723407901691,0.13906293004268064,0.6036843930887752,-1.0024087035123912,-0.397213365114108,1
0.2882785499767457,-0.09722973039035228,-1.1068830241926673,1.2437350691386448,-0.6160491372573782,1
1.2654676839002363,0.8848740498632448,1.0303386218795276,-0.9899892671707188,0.8794879081758873,0
-0.08980057921984222,0.4204299046927709,0.3073967342063084,-0.7868427727247919,-0.4803518462340404,1
-1.2065881608466873,0.10133553047774273,-0.7829418504811702,1.5660490122915716,-0.6284721286890923,1
-0.29338164878723544,0.9384866702976304,1.2673687489855012,-0.7995579099317421,-0.5300438119608964,0
0.04979786848351357,0.7538209776903022,1.4609433527887132,-1.0563445413390828,-0.6303833581401251,0
-0.18286621102207945,0.24549390986797956,-0.526159212783032,0.6759894078050496,0.4016805454176553,1
-1.7824317576230295,-0.008669624043181692,-0.09160397975541366,0.01361946958252201,-0.5606234831774233,1
1.1724020520979983,0.7834072015596483,0.4851693295357887,-1.0408202459119922,0.18188915854886886,1
0.06143107245879322,0.3705900242148792,-0.4471491704143741,1.3561013979442522,-0.6361170464932239,1
-2.5560398219791254,-1.981216925506836,-1.5769927762861815,1.6991144016666326,-0.5271769677843471,1
-0.3457310666759939,-0.09861968721642887,-1.1068830241926673,-0.21998421398703025,-0.6485400379249379,1
1.6842630270103025,1.1876860726870893,0.1256736367583952,-0.2732103697370548,1.7013165721200454,0
-0.3166480567377948,-0.3307424771712318,0.6550409206284028,-0.19632814476479707,-0.423970577428569,1
-0.3108314547501556,0.747268324081655,1.2673687489855012,-1.0089141225485054,0.1341084222730457,0
-1.2414877727725266,-0.11708625647716167,-0.5301097149014651,0.998303350957976,-0.4430828719388983,1
-0.7587098077984211,0.4230112530840563,0.24813920242981494,-1.0344035371354616,1.1279477368101678,0
-0.9099414594770566,1.2877629641646091,1.5043988760914746,-1.0561138946641657,-0.17551074879428846,0
1.4923151614181889,1.0608028709923767,0.7221994566417621,-0.48315798408437394,0.7934825828794054,0
-0.8575920415882982,0.11126379352114743,-0.2812280814401927,0.5429240184299884,-0.6781640944159484,1
-0.9157580614646964,0.15554384669473253,0.4772683252989225,-0.6635355119039016,-0.6084042194532465,1
-0.2701152408366761,-1.2723389442077373,-1.73896336314193,1.332445328722019,-0.4306598805071841,1
0.9630043805429654,0.4369108213448229,0.5128228443648191,-0.6487504686400059,-0.3494326288382849,0
2.1146915740956493,-0.2390053266501717,-1.08318001148207,1.7523405574166573,-0.07994927624264216,1
0.9397379725924062,0.6322990380390281,0.45751581470675795,-0.9618976849693168,-0.6447175790228721,0
0.4918596195441397,0.6102582940826696,1.3068737701698303,-0.7581597887928342,1.0514985587688506,0
0.03816466450823392,-0.5916572299519084,-1.079229509363637,1.548306960374896,-0.3733229969761964,1
-0.80524262369954,0.33385545095428176,0.7103479502864634,-0.6635355119039016,-0.619871596159444,1
-1.1367889369950095,-1.6261822390746823,-1.6560028186548394,1.0781425845830128,-0.6122266783553123,1
-0.32246465872543456,0.4593486958229175,1.0263881197610951,-0.9817096429429372,0.5354666069899603,0
0.9804541865058848,0.2186875996507868,0.06246560286346885,-0.3944477245009997,2.8958349790156253,0
0.6198248632722158,0.7776488089944735,0.2441887003113816,-0.7924610891650723,-0.4717513137043922,0
1.4050661316035915,0.9368981482106856,0.6984964439311643,-1.0222206614860114,1.3859637126996127,0
-0.374814076614193,0.8743500910372357,1.0461406303532597,-0.8610636899095483,0.41123669267282004,0
-1.2647541807230855,-1.2427527203383908,-0.7276348208231097,1.4063705450414976,-0.5558454095498411,1
0.6489078732104149,0.27865430843295136,0.8288630138394503,-0.672406537862239,-0.4526390191940629,0
-0.7179935938849427,-0.1258231279553576,-0.6723277911650491,1.2171219912636326,-0.659051799905619,1
0.014898256557674626,0.4238055141275286,1.2160122214458735,-1.040287984354492,-0.5892919249429172,1
0.6605410771856945,0.4742410903880246,0.6155358994440738,0.8593239442773565,1.3955198599547771,1
1.8587610866394968,1.0133457736449019,0.8288630138394503,0.037275538804754996,-0.477485002057491,0
0.701257291099174,-0.34861335064936033,-0.9765164542843816,-0.9057145205665134,-0.3379652521320873,0
-0.7761596137613409,-0.1673232674767897,-1.0002194669949789,1.344273363333136,-0.5740020893346538,1
1.0211704004193638,0.0576511730867619,-0.3562876216904177,-0.6753635465150182,-0.21851341144252934,0
-0.3050148527625151,-0.40480731947503096,-0.75528833565214,0.9539482211662892,3.144294807649905,1
0.701257291099174,0.18294585269452976,0.1059211261662307,-1.0449009178528277,-0.3675893086230977,1
-0.3806306786018329,-0.6405042841254595,-1.387368674601403,1.5335219171110006,-0.6332502023166746,1
-1.0088236932669337,0.21968042595512724,0.2599907087851137,-0.8924079816290073,0.2010014530591981,1
-1.3927194244511614,-0.3976589700837797,-1.3241606407064763,1.6784153410971792,-0.5998036869235983,1
0.5034928235194193,0.6416316052998287,0.4298622998777277,-0.7883212770511814,3.058289482353424,0
-1.5497676781174368,0.22980725425939996,-0.11925749458444435,1.0988416451524672,-0.4755737726064581,1
1.0328036043946434,0.020320904043559955,-0.6446742763360189,-1.0563859394602215,2.3606907327264057,0
0.36389437581606415,0.17242189386852058,0.4259117977592953,-1.053328392513248,-0.6523624968270038,1
0.5791086493587371,0.20617798821609667,0.18098066641645572,-0.7770846441706206,1.7682096029061982,0
1.1142360322216005,-0.14349543617261848,0.3113472363247409,-1.0438068246512993,0.955937086217204,0
0.3406279678655048,0.246685301433188,0.34295125327220405,-0.4713299494732574,3.15385095490507,0
-2.207043702720737,-0.19571809978092705,-1.1424375432585634,1.5601349949860133,-0.6389838906697732,1
-0.22358242493555824,0.03918460382602874,0.23233719395608335,-0.2495543005148217,-0.5367331150395117,1
1.7366124448990616,0.8592591312112606,1.1488536854325144,-0.7315467109178219,1.6153112468235642,0
-0.4213468925153116,0.3459679318672354,0.022960581679139884,0.007705452276963556,-0.6093598341787629,1
0.7943229229014105,-0.29639068704105137,-0.2022180390715352,-1.0505192342931078,-0.5204876647057318,0
-0.8808584495388575,0.0763163076083627,-0.2456735623742966,-0.4565449062093616,-0.6676523324352672,1
-2.1779606927825377,-0.07697607378180654,-1.1147840284295332,1.4448116575276264,-0.5357775003139952,1
0.9746375845182452,-1.700644211900218,-1.3123091343511777,0.2886212742909821,3.3163054582428693,0
-0.9215746634523364,-1.026515151253036,-1.4150221894304331,1.6458882459166082,-0.6733860207883658,1
-1.2996537926489244,-2.1595285297663853,-1.9605865319860156,1.4832527700137554,-0.4832186904105898,1
0.1719465102239499,0.897780791819671,0.8130610053657187,-0.9778655316943244,-0.6112710636297958,1
-0.7994260217119002,0.18592433160755112,0.6431894142731042,-0.9051231188359574,-0.4316154952327007,1
0.346444569853144,-0.04222715312989017,-0.11530699246601148,-0.0011655736813737131,-0.6580961851801026,1
-0.5900283501568665,0.3215444047804599,0.7617044778260911,-1.0565468007309329,-0.5940699985704995,1
0.6489078732104149,0.2913624851285093,0.2836937214957106,-0.5659542263621898,-0.6122266783553123,1
0.6896240871238937,-1.7123595622914352,-1.9989064025348144,1.3176602854581232,2.2842415546850883,0
0.6081916592969361,0.7413113662556122,1.1646556939062458,-1.0118711312012845,-0.5998036869235983,1
-0.5318623302804683,-0.27772555251945025,-0.60516925515169,0.746957615471749,-0.2911401305817805,1
0.0090816545700348,0.9549675869496822,1.1923092087352758,-1.055460395751902,-0.31980857234727444,0
0.6314580672474954,0.6170095129521849,0.5681298740228791,-1.0266561744651803,-0.6695635618863002,1
0.0788808784217127,0.9843552455581605,1.4806958633808778,-1.053328392513248,-0.4144144301734044,0
0.13704689829811095,1.2202507754694571,1.2041607150905749,-1.0514654770619971,1.1852846203411556,0
1.1316858381845198,-0.12006473539018285,-0.20616854118996766,-0.4240178110287911,-0.019745548535104948,1
0.5151260274946996,0.8455581282113619,0.8249125117210171,-0.8791014426915009,0.545022754245125,0
1.4923151614181889,0.0749263507822861,-0.2614755708480282,0.15555588491592062,2.981840304312107,1
2.172857593972048,-0.3005605575192812,-1.3123091343511777,1.6813723497499578,-0.2834952127776489,1
0.8873885547036484,0.18115876534671668,-0.4115946513484783,0.5429240184299884,1.0992792950446737,1
0.2591955400385466,1.2309732995563338,1.4214383316043842,-0.9465212399748656,1.6917604248648812,0
0.3871607837666228,0.8789170920372019,1.0342891239979604,-0.3293935341398585,-0.5462892622946763,0
-1.4218024343893605,0.25403221608530746,-0.6446742763360189,-0.5393411484871776,-0.6342058170421909,1
1.3469001117271933,0.774670330081452,0.80120949901042,-1.0092098234137832,1.5293059215270823,0
1.4050661316035915,0.7085480982123766,1.12910117484035,-1.053476242945887,-0.5080646732740178,1
-0.22358242493555824,0.92915410303683,1.3068737701698303,-0.1460589976675518,-0.6256052845125428,0
-0.41553029052767176,-2.7498630503272308,-2.1288779222312564,1.8765349208333812,-0.3408320963086368,1
-0.06653417126928292,-0.3541731779536667,0.4851693295357887,-0.8610636899095483,-0.5845138513153348,1
0.17776311221158972,-0.9625771372535096,-1.8258744097474535,0.8711519788884731,5.944245953413144,0
-1.5614008820927168,-0.5096497772133848,0.05061409650817016,-0.1135319024869812,-0.6447175790228721,1
0.4162437937048219,0.3636402400844959,0.8644175329053458,-0.9613062832387612,-0.6829421680435307,0
-0.7587098077984211,-0.362314353649259,-0.5577632297304954,0.24426614449929496,-0.7010988478283434,1
-1.276387384698365,-0.2370196740414908,-0.6170207615069888,1.264434129708099,-0.6752972502393989,1
0.9630043805429654,0.22464455747682968,0.022960581679139884,-0.7108476503483679,-0.6284721286890923,1
-1.9103970013511056,-2.779846404718313,-1.9009339499976787,1.8706209035278232,-0.5472448770201928,1
0.32317816190258536,-1.3374683497724722,-0.7789913483627372,0.3566324733049023,-0.5778245482367197,1
-1.003007091279294,-0.8067034074720552,-0.4866541915987031,-0.9373545131512502,0.0672153914868932,0
-0.7412600018355021,0.08147900439093313,0.8407145201947489,-1.027247576195736,-0.6045817605511806,1
-0.18868281300971929,0.9881279855146542,1.3858838125384878,-1.0562144329583605,-0.07994927624264216,1
1.5795641912327862,0.7365457999947779,1.3503292934725917,-0.8246924834803648,0.8221510246448994,0
0.3697109778037039,-0.7644090069071511,0.13752514311369388,0.22061007527706195,-0.5759133187856867,1
-0.40971368854003204,-3.027854415542564,-2.180234449770884,1.873577912180602,-0.35516631719138364,1
0.6605410771856945,0.7214548401688027,0.8091105032472858,-1.056125722698777,0.21055760031436271,0
-1.77079855364775,0.9498048901671116,0.6984964439311643,1.2999182335414488,-0.5128427469016001,1
1.6493634150844645,0.009995510478419106,-0.7157833144678111,0.6759894078050496,-0.5042422143719519,1
-0.2584820368613965,-0.943117741688436,-1.1700910580875936,0.9184641173329392,-0.5806913924132691,0
-0.8401422356253787,-0.5273220854306454,-1.640200810181108,1.601533116124921,-0.15830968373499216,1
2.2077572058978867,-0.010655276651862595,0.6984964439311643,-0.8084289358900795,1.1661723258308263,0
-1.2880205886736449,-0.3807809229099915,-1.56119076781245,1.4625537094443013,-0.5998036869235983,1
0.9164715646418468,1.3447511940337522,1.235764732038038,-0.6428364513344476,0.6214719322864418,0
0.07306427643407287,0.5800763744307194,0.5641793719044462,-0.8448001423192629,3.0869579241189182,0
1.341083509739554,-0.3613215273449184,-0.6920803017572137,0.16442691087425804,0.12455227501788092,0
0.7303403010373725,0.2538336508244395,0.9552790816293024,-0.7611167974456132,-0.14588669230327814,1
-0.6249279620827055,0.3648316316497043,0.3864067765749664,-0.9616019841040392,2.972284157056942,0
-0.6307445640703453,-2.312026650113081,-1.4703292190884936,1.4093275536942769,-0.5252657383333141,1
-1.0437233051927723,-2.011795975680522,-2.019844063762509,1.8765349208333812,-0.5644459420794892,1
-0.32246465872543456,0.4593486958229175,1.0263881197610951,-0.9817096429429372,0.5354666069899603,0
0.9804541865058848,0.9329268429933236,1.0382396261163933,-1.0539523213389843,-0.4727069284299086,1
0.8350391368148893,0.803859423429062,1.2041607150905749,-0.9802311386165478,-0.6389838906697732,1
-2.381541762349931,-0.283086814562889,-0.96071444581065,1.5808340555554667,-0.6370726612187403,1
1.3934329276283122,0.8660103500807758,1.0382396261163933,-0.9042360162401238,1.6439796885890583,0
0.3697109778037039,0.7115265771253979,0.7142984524048963,-0.8932950842248408,0.697921110327759,0
-0.12470019114568118,1.065965567774947,1.3621807998278908,-1.0236991658124008,-0.5711352451581044,1
0.4569600076183013,0.29791513873715664,0.28764422361414393,-0.3707916552787666,-0.19557865803013424,1
-0.7354433998478621,-0.14270117512914582,0.12172313463996227,0.5813651309161171,-0.2959182042093629,1
1.754062250861981,1.144795976339581,1.3463787913541592,-1.0338121354049057,1.8351026336923508,0
-0.3050148527625151,0.05089995421724654,-0.3720896301641493,-0.9607148815082052,-0.6972763889262775,1
-1.6893661258207926,0.08326609173874605,-0.858001390731395,1.1224977143747,-0.6170047519828946,1
-1.9511132152645845,-0.10537090608594388,-1.2649031089299831,1.2673911383608778,-0.6676523324352672,1
-0.933207867427616,-3.5893969732775357,-2.0988541061311667,1.7493835487638785,-0.5061534438229849,1
0.7943229229014105,0.8950008781675176,1.235764732038038,-0.978752634290158,0.5641350487554543,0
-0.27593184282431665,-0.5882816205171509,-0.2772775793217598,0.9450771952079516,-0.6743416355138825,1
0.9920873904811646,-0.14309830565088216,-1.2767546152852816,0.6345912866661418,-0.438304798311316,1
0.5500256394205378,-0.24615367604142335,-0.7118328123493781,1.0751855759302338,-0.6017149163746311,1
-0.9099414594770566,-0.4373720222573985,-0.4431986682959412,0.4867408540271846,-0.1325080861460477,1
1.4923151614181889,0.7836057668205164,-0.04419795433421935,-0.6132663648066562,1.7395411611407046,0
0.3813441817789836,0.9214100578629744,1.3977353188937864,-0.6369224340288894,-0.07230435843851049,0
0.2650121420261871,0.8672017416459844,1.3305767828804271,-1.0180808493721207,-0.5472448770201928,0
-0.19449941499735907,0.4577601737359729,0.9394770731555714,-0.7078906416955888,0.12455227501788092,1
0.7710565149508519,-0.3186299962582777,-0.11135649034757816,0.95099121251351,-0.596936842747049,0
0.6140082612845766,0.04017743013036937,0.2836937214957106,-0.917246854312352,-0.5032865996464355,1
-1.5439510761297968,0.12774471017319913,-0.9370114331000527,1.3235743027636822,0.028990802466234623,1
0.0556144704711534,0.1041154441298959,-0.6999813059940793,-0.09874685922308547,-0.6628742588076849,1
-0.020001355368164327,-0.33332382556251666,-0.2377725581374308,1.474381744055418,0.1627768640385395,1
-0.4504299024535107,0.5385762349092873,0.6708429291021344,0.12007178108257087,-0.5491561064712257,1
0.567475445383458,1.086417789644361,0.9394770731555714,-1.000043096590168,-0.3742786117017129,0
-1.7358989417219108,-0.5858988373867337,-1.3518141555355068,0.25609417911041155,-0.6189159814339276,1
0.4918596195441397,0.8108092075594454,0.9513285795108696,-0.8870853660540047,-0.3322315637789886,0
1.474865355455269,0.5675667629960293,0.7656549799445235,-0.4151467850704537,-0.6428063495718392,1
-0.2701152408366761,0.9706542425582616,1.5597059057495355,-1.0419439092000484,-0.3054743514645275,0
-0.41553029052767176,-2.89163864658705,-2.0972739052837936,1.8765349208333812,-0.4707956989788757,1
0.9688209825306052,0.9521876732975288,0.8407145201947489,-0.8456872449150967,-0.6112710636297958,0
-0.642377768045625,-0.17625870421585393,-0.32073310262452165,1.1491107922497124,-0.6122266783553123,1
1.0328036043946434,0.4619300442142029,0.0980201219293649,-0.23181224859814695,-0.3331871785045049,1
-0.18286621102207945,0.24549390986797956,-0.526159212783032,0.6759894078050496,0.4016805454176553,1
-0.5318623302804683,0.24926664982447336,0.24813920242981494,-0.7912782857039605,1.806434191926857,0
0.2882785499767457,0.03322764599998602,0.9236750646818394,0.684860433763387,-0.582602621864302,0
-1.7009993297960722,-1.931377045028944,-1.7982208949184235,1.7759966266388905,-0.6332502023166746,1
-0.7238101958725822,-0.0074782324779734295,-0.8263973737839321,1.6754583324443997,-0.5386443444905447,1
-0.3806306786018329,0.10550540095597268,-0.19036653271623608,1.0574435240135591,-0.6284721286890923,1
-0.374814076614193,1.1414203669048233,1.5122998803283405,-0.9953118827457214,-0.6084042194532465,0
0.7826897189261309,0.7043782277341466,1.1962597108537092,0.3536754646521233,-0.659051799905619,0
1.79477846477546,0.20121385669439426,0.0071585732054083,-1.0558152367902354,0.18188915854886886,0
0.6081916592969361,1.5083689689890625,1.4767453612624444,-0.7522457714872758,-0.20035673165771656,0
-1.2647541807230855,-2.1909018409835435,-1.5414382572202856,1.8706209035278232,-0.4306598805071841,1
-1.3461866085500431,0.3950135513016549,-0.29307958779549137,0.554752053041105,-0.6294277434146086,1
-0.32246465872543456,0.32948701521518364,-0.4313471619406428,0.5931931655272336,-0.6494956526504544,1
-1.1484221409702895,-0.056126721390656505,-0.01259393738675618,0.24426614449929496,-0.44881656029199707,0
0.09051408239699237,1.065171306731475,0.971081090103034,-0.7256326936122636,-0.4593283222726782,1
-2.4629741901768885,-1.7649793564214804,-1.6876068356023026,1.6725013237916202,-0.5548897948243245,1
0.2882785499767457,0.12536192704278226,0.2797432193772781,-0.0928328419175272,-0.6896314711221458,0
0.4046105897295423,0.5284494066050146,0.5009713380095199,-0.4151467850704537,-0.5568010242753574,1
0.8583055447654493,0.9926949865146204,1.054041634590125,-0.9222737690220766,-0.05128083447714822,0
-0.2468488328861175,0.5403633222571004,0.4140602914039966,-1.0557442685825686,-0.5931143838449829,1
0.5791086493587371,0.2605848696939547,0.9394770731555714,0.03136152149919672,-0.5692240157070715,0
-0.0607175692816431,-0.5751763132998561,-1.5058837381543897,1.4655107180970806,-0.6743416355138825,1
0.5093094255070597,0.8479409113417792,1.1923092087352758,-0.9485911460318108,0.4303489871831495,0
1.2654676839002363,1.0401520838620948,0.7301004608786279,-0.5393411484871776,1.2999583874031309,0
-0.5376789322681081,0.07234500239100089,-0.31283209838765585,-1.0344035371354616,-0.6064929900022137,1
2.2077572058978867,-0.3295510856060232,-0.7078823102309453,1.7168564535833075,0.3443436618866677,1
0.8292225348272502,0.3138003596066042,0.1059211261662307,-0.9119242387373496,1.3286268291686254,0
0.4569600076183013,1.5838237681189389,1.5715574121048341,-1.0503122436874135,-0.3675893086230977,0
0.7943229229014105,0.8483380418635152,1.2041607150905749,-1.042150899805743,0.4207928399279849,0
-0.9739240813410946,0.1589194561294902,-0.30888159626922296,-0.7966009012789629,-0.6619186440821684,1
-1.5032348622163183,-0.3660870936057525,-0.9804669564028148,0.9657762557774056,-0.6408951201208063,1
1.1665854501103594,-0.8225886283415027,0.2362876960745163,-0.44767388025102417,-0.5740020893346538,1
-0.4969627183546294,-0.5136210824307467,-1.1463880453769963,1.4418546488748474,-0.6791197091414648,1
0.6372746692351352,0.5965572910827711,0.6352884100362384,-1.048153627370885,-0.6370726612187403,0
-0.1072503851827617,1.0010347274710802,1.1093486642481851,-0.9843709507304385,0.3443436618866677,0
0.7885063209137707,0.06380669617367296,0.4930703337726545,-0.8530797665470445,0.18188915854886886,1
0.4744098135812202,0.6624809576909787,1.0382396261163933,-0.9607148815082052,1.1183915895550034,0
-0.5667619422063073,0.3002979218675735,0.03876259015287147,1.1343257489858165,-0.4545502486450959,1
-1.0786229171186112,-3.4877315597130716,-1.940438971182008,1.6813723497499578,-0.4411716424878653,1
-1.253120976747806,0.1930726809988023,-0.31283209838765585,1.3856714844720437,-0.6647854882587179,1
0.09633068438463216,0.7937325951247893,1.0263881197610951,-0.4417598629454659,-0.3112080398176263,1
0.2417457340756278,0.4555759558664238,0.2560402066666808,-1.0192636528332324,-0.34656578466173543,1
0.9339213706047664,-1.3769828366852237,-0.7750408462443045,-0.33826456009819605,-0.6695635618863002,1
-0.1188835891580407,0.4514060853881937,0.9197245625634068,-1.0507853650718582,2.035781726050808,0
0.1254136943228313,-2.5409723958939945,-2.0423619258375756,1.826265773736136,-0.4545502486450959,1
1.0037205944564442,-0.12761021530317088,-0.747387331415274,0.554752053041105,1.6248673940787282,1
-1.305470394636564,-0.009861015608390306,-0.3957926428747467,0.32114836947155273,-0.6619186440821684,1
-0.5667619422063073,0.6102582940826696,0.6589914227468353,-0.2465972918620427,-0.595025613296016,0
1.3934329276283122,0.7842014626031207,0.4891198316542212,-0.8696390150026079,-0.3905240620354928,0
0.8524889427778087,0.1650749792164011,-1.0081204712318452,-1.0396078723643531,2.9627280098017774,0
0.5732920473710972,-0.15362226447689098,-1.2767546152852816,1.3856714844720437,1.8637710754578445,0
1.1142360322216005,1.1424131932091637,1.2792202553407996,-0.6753635465150182,0.028990802466234623,0
-0.8575920415882982,0.34696075817157584,-0.036296950097353564,-0.9024618110484562,-0.6896314711221458,1
-0.0025515494052448517,0.7645435017771793,1.3621807998278908,-1.0557590536258326,-0.5568010242753574,0
0.04979786848351357,-0.30969455951921343,-0.22987155390056505,0.4749128194160681,-0.543422418118127,1
-2.3931749663252107,-0.4141398867358316,-0.5577632297304954,-0.10761788518142293,-0.6227384403359935,1
0.0323480625205941,0.9635058931670104,0.7972589968919866,-0.85514967260399,0.0385469497213994,1
0.986270788493524,0.4573630432142365,0.5839318824966107,-0.8223268765581415,0.6692526685622651,0
1.3061838978137146,0.9635058931670104,0.5444268613122818,0.4157726463604852,2.2651292601747595,0
1.2887340918507948,0.02250512191310885,0.23233719395608335,-0.957757872855426,1.0037178224930274,0
1.1956684600485583,-0.7030523412989096,-0.8184963695470662,0.4956118799855221,3.4309792253048443,0
1.2247514699867577,0.057452607825893565,0.4298622998777277,1.220078999916412,-0.5204876647057318,1
-1.253120976747806,-0.6194563664734418,-1.5019332360359567,1.7345985054999824,-0.62369405506151,1
0.5558422414081784,-0.4431304148225733,-0.5064067021908676,1.1402397662913748,-0.6666967177097507,1
2.2659232257742854,0.35947036960626594,0.6905954396942989,1.2910472075831112,1.9402202534991613,0
0.6663576791733344,0.246685301433188,0.6589914227468353,0.7114735116383992,1.280846092892802,0
-1.1658719469332086,0.2284172974333233,-0.5182582085461664,1.2999182335414488,-0.6399395053952898,1
0.8234059328396096,1.427751473076616,1.5557554036311023,-0.8362248172262035,2.1791239348782776,0
0.6954406891115336,0.7464740630381826,0.5997338909703422,-0.9559836676637586,-0.5730464746091373,1
0.16031330624867024,0.12178775234715646,0.2915947257325764,0.5606660703466633,-0.6924983152986953,0
-1.4567020463151994,-0.4854248153874776,-1.3597151597723725,0.9687332644301848,-0.5940699985704995,1
-1.6137502999814748,-1.476861162901875,-1.5967452868783458,1.415241570999835,-0.5309994266864129,1
1.3643499176901128,-0.5555183524739151,-0.4550501746512401,-0.4062757591121163,-0.4698400842533593,1
-0.0374511613310838,0.06896939295624302,1.3661313019463233,0.2265240925826201,0.32523136737633845,1
-0.32246465872543456,0.6074783804305163,0.7063974481680305,-0.19041412745923894,-0.16977706044118976,1
-0.2468488328861175,-0.8932778612105441,-1.0397244881793082,1.814437739125019,-0.500419755469886,1
-0.4329800964905913,-0.05572959086892018,-0.269376575084894,-0.9731343178498778,-0.60744860472773,1
0.6547244751980554,0.684323136386469,1.235764732038038,-0.9420857269956968,-0.2557823857376714,1
-0.1188835891580407,-0.779499966733126,-1.9206864605898435,1.376800458513706,-0.3006962778369452,0
-0.4795129123917098,0.1074910535646536,0.1849311685348882,-1.0018173017818357,-0.5845138513153348,1
-0.15959980307152016,0.35947036960626594,-0.3839411365194478,-0.06326275538973575,-0.5873806954918843,1
0.0556144704711534,-1.0972043841220775,-0.5419612212567636,1.0515295067080006,-0.4707956989788757,1
-0.5609453402186674,0.7623592839076303,1.2160122214458735,-1.0546235623031652,-0.2596048446397373,0
1.2014850620361976,-1.7673621395518977,-1.7666168779709603,1.202336947999737,1.280846092892802,0
0.3173615599149449,0.311417576476187,0.5918328867334769,0.3241053781243318,-0.6485400379249379,0
-0.0025515494052448517,0.3715828505192197,1.2871212595776658,0.7233015462495158,-0.5988480721980819,0
-0.3515476686636337,-1.2447383729470718,-1.3281111428249093,1.4507256748331847,-0.6552293410035532,1
-2.40480817030049,-2.865030901630726,-2.285712856333043,1.8440078256528103,-0.4832186904105898,1
0.957187778555325,0.7651391975597834,0.9631800858661684,-0.9089672300845704,1.2235092093618138,0
1.6144638031586258,0.6706221333865704,0.4417138062330264,-0.5186420879177237,1.032386264258521,0
-1.032090101217493,-0.3164457783887288,-0.8777539013235593,0.5961501741800126,-0.38287914423136105,0
0.6838074851362546,1.1608797624698963,1.2278637278011724,-1.0315352387422658,-0.6695635618863002,1
0.18939631618686936,0.4788080913879909,0.9908336006951984,-0.21702720533425127,2.2364608184092654,0
1.899477300552976,0.4966789648661196,-0.3009805920323572,0.4808268367216264,-0.4755737726064581,1
0.2591955400385466,1.1718008518176417,1.2673687489855012,-1.0532692523401923,-0.3733229969761964,0
-0.22939902692319736,-1.2304416741645692,-0.5064067021908676,1.4063705450414976,-0.6208272108849605,1
-0.9215746634523364,-1.653584245074479,-1.6481018144179738,1.7138994449305287,-0.6217828256104769,1
-0.8285090316500994,0.34974067182372937,0.7656549799445235,0.6405053039716998,-0.5912031543939501,1
-1.2124047628343275,-0.3067160806061923,-1.012070973350278,0.8711519788884731,-0.632294587591158,1
-0.22358242493555824,0.5596241525613055,0.4891198316542212,-0.6428364513344476,-0.6294277434146086,1
-1.7126325337713515,-0.6327602389516038,-1.5295867508649867,1.563092003638792,-0.6026705311001477,1
1.6726298230350234,0.21193638078127144,-0.13901000517660886,-0.9870322585179396,0.2010014530591981,0
-1.1367889369950095,-0.8116675389937575,-0.96071444581065,1.0988416451524672,-0.5271769677843471,1
0.334811365877865,0.07591917708662638,-0.6920803017572137,0.32114836947155273,3.239856280201552,1
0.02071485854531445,-0.3664842241274888,-0.17851502636093786,1.3354023373747983,0.2487821893350213,1
-0.9971904892916541,-0.9504646563405554,-1.0278729818240095,1.0101313855690928,-0.6905870858476623,1
1.1142360322216005,0.7937325951247893,0.4022087850486975,-1.055699913452777,-0.5472448770201928,0
-0.7936094197242601,-2.9907227117602293,-2.1600868889668767,1.8765349208333812,-0.5329106561374458,1
0.7652399129632114,0.10054126943427023,0.5799813803781778,-0.9991559939943342,-0.2949625894838465,0
-0.9797406833287344,-3.1591060529763744,-2.1636423408734657,1.8794919294861605,-0.4793962315085238,1
-0.3806306786018329,-0.4536543736485825,-0.1469110094134742,-0.5156850792649446,-0.3532550877403507,1
-0.7528932058107813,1.079865136035714,0.7301004608786279,0.2886212742909821,-0.6246496697870263,0
-0.008368151392884677,0.06440239195627691,-0.29307958779549137,-0.6280514080705519,-0.5501117211967422,1
1.1724020520979983,0.7089452287341127,-0.4234461577037768,-0.85514967260399,1.0228301170033571,0
1.422515937566511,1.0846307022965482,0.5325753549569835,-0.9432685304568084,1.3381829764237894,0
-0.6307445640703453,-0.017207930260509974,-0.4234461577037768,0.2945352915965404,-0.5329106561374458,1
0.8524889427778087,0.17103193704244402,0.6984964439311643,0.11415776377701276,2.1026747568369606,0
0.4220603956924624,0.1986325083031092,-0.13901000517660886,0.5843221395688964,-0.3236310312493403,1
-2.352458752411732,-2.506620605763815,-1.9088349542345449,1.805566713166682,-0.5109315174505672,1
1.8122282707383783,0.5038273142573707,1.3187252765251285,-1.0525004300904701,0.7074772575829239,0
-1.1367889369950095,-0.14706961086824394,-0.6486247784544518,1.2614771210553195,-0.6294277434146086,1
-0.17123300704679914,0.4859564407792422,-0.5459117233751966,0.5074399145966386,-0.6963207742007611,1
1.498131763405829,-0.4395562401269474,-1.1424375432585634,0.4453427328882766,0.4781297234589725,1
-0.3980804845647523,0.39104224608429294,0.3073967342063084,-1.0276319873205977,-0.6437619642973555,1
0.468593211593581,0.17619463382501424,-0.14296050729504176,-0.9746128221762672,1.4624128907409295,0
1.6144638031586258,0.6706221333865704,0.4417138062330264,-0.5186420879177237,1.032386264258521,0
1.6260970071339045,0.4097073806058937,0.45751581470675795,-0.9876236602484956,-0.5195320499802154,0
-0.1072503851827617,0.27865430843295136,-0.1864160305978032,0.6375482953189207,0.057659244231728565,1
-1.1775051509084886,0.11761788186892627,-0.3404856132166861,0.6168492347494671,-0.4746181578809416,1
-0.2352156289108372,-0.5608796145173538,-1.4584777127331952,1.3087892594997859,-0.6036261458256642,1
-1.671916319857873,-0.6955068613859219,-1.2412000962193857,1.2112079739580743,-0.6485400379249379,1
-0.80524262369954,0.3491449760411249,0.7893579926551213,0.5429240184299884,-0.5864250807663678,1
1.78896186278782,0.6656580018648681,-0.15481201365034,-0.6310084167233311,-0.1621321426370581,0
-1.1367889369950095,-0.3092974289974775,-0.7039318081125121,1.320617294110903,-0.5472448770201928,1
0.6896240871238937,0.4432649096926019,0.3666542659828019,-0.8610636899095483,2.035781726050808,0
0.5093094255070597,0.07671343813009902,0.3192482405616071,-0.5748252523205273,-0.7001432331028271,1
-0.7121769918973029,0.1160293597819817,-0.2259210517821321,-0.6280514080705519,-0.6647854882587179,1
-2.4164413742757698,1.0729153519053305,1.3977353188937864,-1.0568093830992995,-0.3484770141127684,0
-0.13633339512096082,-0.8386724144718181,-0.8184963695470662,0.4630847848049514,-0.5749577040601702,1
0.2184793261250685,-0.24635224130229136,0.3152977384431742,-0.12240292844531865,-0.5921587691194665,1
1.4399657435294309,0.3989848565190168,0.6194864015625063,-0.9704730100623764,1.1852846203411556,0
0.2882785499767457,0.3799225914756797,0.6945459418127318,-1.0494547111781074,1.2139530621066497,0
-0.4213468925153116,-0.14627534982477167,0.15727765370585836,0.3152343521659943,-0.6628742588076849,0
0.4336935996677414,0.7428998883425569,0.5839318824966107,0.2767932396798655,2.5709259723400275,0
-0.9390244694152556,0.523088144561576,-0.059999962807950925,0.7913127452634362,-0.6619186440821684,1
-0.9099414594770566,-0.6800187710382106,-1.7666168779709603,1.8499218429583688,-0.4535946339195794,1
-0.8924916535141374,-1.1831831420779626,-0.5419612212567636,0.052060582068650725,-0.17742197824532144,1
1.3003672958260746,0.4942961817357023,0.5404763591938488,-1.017489447641565,0.5736911960106189,0
0.20102952016214906,0.07055791504318798,-0.3720896301641493,0.4719558107632889,-0.6686079471607836,1
0.6489078732104149,0.2913624851285093,0.2836937214957106,-0.5659542263621898,-0.6122266783553123,1
-0.17123300704679914,-0.06665068021666569,-0.6762782932834821,-1.0307072763194876,-0.5548897948243245,0
0.4162437937048219,0.12158918708628827,-0.5735652382042268,0.3536754646521233,-0.514753976352633,1
-0.3806306786018329,0.4097073806058937,1.3068737701698303,-0.2436402832092634,1.1566161785756617,1
-1.7824317576230295,0.33703249512817113,-0.5498622254936294,1.0397014720968842,-0.28445082750316536,1
-0.4678797084164302,0.10351974834729176,0.04271309227130436,0.3595894819576814,-0.4058138976437562,1
-0.27593184282431665,0.2804413957807641,0.22443618971921714,0.6671183818467121,-0.6370726612187403,1
1.1782186540856392,0.6984212699081037,0.1059211261662307,-0.12831694575087693,-0.3733229969761964,1
-0.6132947581074258,-0.7528922217768009,-1.3992201809567015,0.678946416457829,-0.4698400842533593,1
0.0323480625205941,0.5387748001701554,0.13752514311369388,-0.8947735885512305,-0.6838977827690471,1
0.6489078732104149,0.4426692139099976,0.7301004608786279,0.18808298009649135,-0.19366742857910124,1
1.4399657435294309,0.558829891517833,0.7735559841813897,-0.4979430273482697,-0.6389838906697732,1
-1.2007715588590475,-0.3678741809535654,-1.154289049613862,1.4536826834859642,-0.5835582365898184,1
0.09051408239699237,-0.12661738899883024,0.5404763591938488,-1.0294357625987929,0.6310280795416068,0
0.4744098135812202,0.8421825187766044,0.5049218401279528,-0.7374607282233802,1.5961989523132352,0
-0.41553029052767176,-0.23463689091107395,-1.0634275008899057,1.456639692138743,-0.6571405704545861,1
-2.230310110671296,-1.854333723812123,-1.6481018144179738,1.826265773736136,-0.6666967177097507,1
-0.07816737524456258,0.5711409376916551,0.6036843930887752,-0.19041412745923894,-0.1487535364798275,1
0.6663576791733344,-1.3926694922938023,-1.1937940707981909,-0.13127395440365608,-0.5921587691194665,1
1.4574155494923502,-0.7856554898200367,-0.6328227699807202,1.1905089133886204,1.6822042776097166,0
0.25337893805090744,1.173985069687191,1.2871212595776658,-1.0530031215614424,-0.3781010706037787,0
1.0211704004193638,-0.33610373921467024,-1.3913191767198356,0.02249049554085928,-0.3876572178589434,1
-0.4446133004658709,0.7907541162117678,1.417487829485951,-1.0563445413390828,-0.4220593479775361,0
1.6609966190597438,-1.3432267423376472,-0.601218753033257,-0.48315798408437394,-0.4211037332520197,1
0.18357971419922955,0.6920671815603247,1.1370021790772158,-0.2909524216537297,-0.6370726612187403,1
1.242201275949677,-0.29023516395414034,-1.2095960792719225,1.6813723497499578,-0.5520229506477751,0
-0.7354433998478621,0.14958688886868965,-0.2022180390715352,1.1343257489858165,-0.5902475396684337,1
0.003265052582394973,-0.3029433406496984,0.04666359438973726,0.052060582068650725,-0.6791197091414648,1
-0.6947271859343831,0.2941423987806628,-0.2812280814401927,0.7883557366106569,-0.5233545088822812,1
0.30572835593966585,-0.19671092608526766,-1.2016950750350568,1.6340602113054916,-0.19940111693220008,0
0.9513711765676858,-1.0821134242961028,0.7142984524048963,0.6996454770272827,2.5327013833193694,0
0.3406279678655048,1.0105658599927487,1.4016858210122198,-0.8699347158678857,-0.3245866459748568,0
-2.3408255484364524,-0.8327154566457752,-1.5967452868783458,1.5897050815138047,-0.60744860472773,1
-1.4857850562533983,-1.9915423190719768,-1.58884428264148,1.705028418972191,-0.5539341800988081,1
0.25337893805090744,0.1894985063031768,-0.9567639436922172,1.4329836229165105,-0.6848533974945635,1
-0.2642986388490363,-0.7955837528634413,-0.13110900093974262,-0.09578985057030634,-0.4841743051361062,0
-1.3229202005994838,-0.09603833882514366,0.6629419248652686,-0.4062757591121163,-0.5023309849209191,1
-1.1193391310320904,-0.04877980673853719,-0.8540508886129624,0.17329793683259564,-0.6160491372573782,1
-0.02581795735580351,-1.3186046499900037,-1.636250308062675,1.4359406315692889,2.427583763512558,0
-0.6481943700332647,0.2768672210851384,0.0980201219293649,-0.7785631484970101,-0.6695635618863002,1
0.10214728637227198,0.5443346274744622,0.28764422361414393,-0.8226225774234195,-0.7221223717897056,1
-1.5555842801050768,0.8072350328638197,1.0737941451822894,-1.0112797294707283,1.6153112468235642,0
0.7303403010373725,0.0969670947386444,0.2520897045482474,0.18512597144371207,-0.60744860472773,1
0.1719465102239499,0.3767455473017901,0.8091105032472858,-1.0557590536258326,-0.5061534438229849,1
1.317817101788994,0.300893617650178,1.0816951494191551,-1.0351132192121286,1.013273969748192,0
-1.0786229171186112,-0.1492538287377932,0.4140602914039966,-0.2436402832092634,-0.2366700912273421,1
-0.729626797860222,-2.8427915924134988,-1.9206864605898435,1.8706209035278232,-0.5415111886670939,1
0.0323480625205941,1.072716786644463,0.4733178231804901,0.1289428070409085,-0.6848533974945635,0
-1.5381344741421568,0.7877756372987464,1.4490918464334142,-1.0568142030234038,-0.11721825053778424,0
1.7191626389361416,0.7756631563857926,1.453042348551847,-1.046822973477134,1.0037178224930274,0
-0.8459588376130185,-0.1202633006510512,0.3113472363247409,-0.803402021180355,-0.2443150090314738,1
0.5965584553216571,0.3960063776059954,-0.12320799670287727,0.2797502483326447,3.3258616054980337,1
-0.898308255501777,0.8787185267763339,0.5720803761413125,-1.0504305240335243,-0.3742786117017129,1
1.7773286588125403,-0.2626345926934753,-1.6125472953520774,1.6429312372638287,-0.4660176253512934,1
1.3934329276283122,0.5032316184747666,-0.19826753695310187,-0.9376502140165279,-0.04459153139853305,0
0.5965584553216571,0.7389285831251949,1.1172496684850513,-0.8300150990553673,-0.5883363102174007,1
0.35807777382842365,0.65294982516931,-0.01259393738675618,0.2294811012353992,-0.32745349015140623,0
-0.47369631040407,-1.2062167123386622,-1.2530516025746845,0.4098586290549269,-0.6657411029842342,1
1.0153537984317231,0.4946933122574385,0.3231987426800396,-0.21407019668147206,1.1852846203411556,0
-0.13633339512096082,0.29573092086760755,0.12962413887682808,-0.6221373907649936,3.1729632494154,0
0.6256414652598562,0.1803645043032444,0.3271492447984729,-0.9003919049915109,-0.5166652058036659,1
0.014898256557674626,0.0810818738691968,0.16122815582429126,-0.8675691089456624,-0.2968738189348793,0
0.15449670426103046,0.5252723624311251,0.1177726325215294,-0.5807392696260856,-0.2223358703445952,0
-0.7354433998478621,-1.7153380412044568,-1.1661405559691609,1.1786808787775034,-0.5835582365898184,1
0.3522611718407845,0.6622823924301106,0.9315760689187051,-0.9627847875651508,-0.7087437656324751,1
1.2073016640238379,0.7540195429511704,0.6352884100362384,-1.050075682995191,-0.1363305450481135,1
0.5965584553216571,-1.194501361947444,-1.4229231936672988,1.57196302959713,-0.5415111886670939,1
1.160768848122719,0.4323438203448565,1.3977353188937864,-0.7646652078289482,0.22011374756952734,0
0.04398126649587375,0.3112190112153188,-0.5419612212567636,1.1698098528191665,-0.6552293410035532,1
1.0269870024070036,0.7162921433862323,0.20468367912705268,-0.8232139791539752,0.2487821893350213,1
0.8699387487407283,0.9096947074717566,0.7301004608786279,-0.9607148815082052,1.6153112468235642,0
0.3697109778037039,-0.8472107206891463,-1.1858930665613252,1.3235743027636822,0.4207928399279849,1
1.3934329276283122,1.2381216489475857,1.0382396261163933,-1.0449009178528277,-0.06848189953644453,0
0.4278769976801022,0.9140631432108546,0.3271492447984729,-0.5186420879177237,-0.6399395053952898,1
-1.0379067032051328,0.8372183872549019,0.3666542659828019,-0.4595019148621409,0.057659244231728565,0
-0.6772773799714639,0.5818634617785321,1.0303386218795276,-1.0056614130304484,-0.5854694660408514,1
-2.497873802102728,0.6982227046472356,1.4767453612624444,-1.056811630425876,0.09588383325238713,0
-0.6540109720209046,0.6618852619083743,1.0066356091689306,-0.4299318283343494,-0.14015300395017935,1
0.3755275797913432,-1.0255223249486956,-1.2886061216405804,0.7824417193050988,-0.6867646269455965,1
0.3929773857542633,0.6944499646907419,0.986883098576766,-1.0380406577783798,-0.5587122537263903,0
-0.6889105839467435,0.09319435478215092,-0.5538127276120626,0.3507184559993441,-0.671474791337333,1
-0.1072503851827617,0.477021004040178,0.9118235583265406,-1.0539020521918874,2.1313431986024542,0
0.22429592811270832,0.9214100578629744,-0.4827036894802702,-1.0302637250215707,3.9374550298285698,0
-2.1139780709184994,-3.765524359667536,-2.269120747435624,1.8292227823889151,-0.5376887297650281,1
-0.5260457282928285,0.9049291412109224,1.2831707574592328,-0.713804659001147,-0.5959812280215324,0
0.5209426294823387,0.5357963212571341,0.9552790816293024,-1.0396078723643531,0.3347875146315031,0
0.16612990823631008,0.2879868756937517,0.3231987426800396,-0.7167616676539261,-0.6017149163746311,1
0.4046105897295423,1.138441887991802,1.3977353188937864,-0.6517074772927851,-0.3360540226810544,0
-0.33409786270071423,0.7450841062121061,1.235764732038038,-0.9997473957248901,0.2965629256108445,0
0.03816466450823392,0.6942513994298738,1.4925473697361762,-1.0507557949853303,-0.5491561064712257,0
0.0556144704711534,0.030447732347832827,-1.1779920623244593,1.628146193999933,-0.4660176253512934,1
-0.20613261897263807,-0.3430535233450536,-0.5854167445595254,-0.09874685922308547,-0.6800753238669812,0
0.6489078732104149,0.2913624851285093,0.2836937214957106,-0.5659542263621898,-0.6122266783553123,1
-0.2701152408366761,-1.0926373831221114,-1.0318234839424425,0.3655034992632399,-0.5548897948243245,1
-0.1537832010838803,-1.020359628166125,-1.296507125877446,1.113626688416363,-0.6036261458256642,1
-1.4508854443275596,0.0777062644344393,-0.8303478759023648,1.2821761816247734,-0.6514068821014872,1
0.0788808784217127,0.7232419275166155,1.0421901282348265,-0.9728386169845998,-0.6418507348463226,1
-1.2007715588590475,-0.3678741809535654,-1.154289049613862,1.4536826834859642,-0.5835582365898184,1
-0.008368151392884677,0.6944499646907419,0.971081090103034,-0.9793440360207141,-0.500419755469886,1
-0.18868281300971929,0.7341630168643607,0.6392389121546708,0.02840451284641773,-0.2548267710121549,1
0.9630043805429654,0.8042565539507983,0.8881205456159437,-0.6753635465150182,-0.08854980877229031,0
1.213118266011478,1.249241303556199,0.785407490536688,-0.4654159321676991,-0.2892289011307477,0
-1.4276190363770005,-0.21656745217207707,-0.19826753695310187,1.0397014720968842,-0.5491561064712257,1
-0.6481943700332647,-0.4113599730836781,-1.6599533207732724,1.7168564535833075,-0.6208272108849605,1
-0.20031601698499826,-0.289838033432404,-0.6130702593885557,1.0751855759302338,2.8862788317604613,1
0.7128904950744537,0.9305440598629064,1.1962597108537092,-0.9994516948596119,-0.5491561064712257,0
0.8001395248890508,0.5401647569962322,0.14937664946899254,-0.6428364513344476,-0.6428063495718392,0
-1.4799684542657587,-2.4069408448080307,-1.387368674601403,1.4241125969581727,-0.6332502023166746,1
-0.4271634945029513,0.2186875996507868,0.15332715158742544,-0.0662197640425149,-0.6361170464932239,1
-1.6660997178702333,-3.9793791456224734,-2.2383068309118483,1.7257274795416446,-0.4841743051361062,1
-2.3699085583746515,-3.7551989661023946,-2.2118384667183477,1.8706209035278232,-0.5501117211967422,1
1.829678076701298,0.091407267434338,0.022960581679139884,-0.8090203376206354,1.815990339182021,0
0.928104768617126,1.196820074687022,1.2278637278011724,-0.778858849362288,-0.5405555739415776,0
0.7361569030250122,0.19704398621616429,0.3350502490353387,0.19695400605482866,-0.6045817605511806,1
-0.1072503851827617,0.477021004040178,0.9118235583265406,-1.0539020521918874,2.1313431986024542,0
0.11378049034755165,0.2732930463895129,-0.08370297551854831,-0.030735660209165162,-0.5701796304325879,1
-0.7063603899096629,-0.3793909660839149,-0.494555195835569,-0.4388028542926869,-0.632294587591158,1
0.5791086493587371,-0.3083046026931372,-0.4076441492300454,-0.7522457714872758,0.0672153914868932,0
0.3929773857542633,0.8368212567331659,0.8525660265500477,-1.0510219257640805,-0.006366942377874474,0
1.1084194302339612,-0.6722747258643547,-1.3360121470617752,1.63997422861105,2.599594414105521,0
-1.7475321456971904,-0.7783085751679174,-1.6164977974705106,1.4034135363887188,-0.632294587591158,1
-2.2477599166342155,-3.340991831931549,-2.1968265586683025,1.7582545747222156,-0.4918192229402379,1
1.3585333157024728,0.5848419406915535,0.686644937575866,-1.0222206614860114,1.5770866578029057,0
0.0556144704711534,0.5528729336917904,0.2007331770086202,0.7883557366106569,-0.3905240620354928,0
0.5383924354452588,0.9053262717326584,1.1765072002615449,-1.0436294041321323,1.4050760072099424,0
-0.8168758276748194,0.6140310340391633,1.1014476600113197,-0.8619507925053822,1.796878044671692,0
2.236840215836086,0.4933033554313617,-0.0995049839922799,-0.9627847875651508,-0.3226754165238239,0
-0.7470766038231418,0.026277861869602674,-0.31678260050608875,0.2265240925826201,-0.5137983616271166,1
1.2305680719743968,0.9406708881671794,0.4851693295357887,-0.5363841398343985,1.1088354422998383,0
1.6726298230350234,0.5761050692133574,-0.21011904330840056,-0.8110902436775808,1.1661723258308263,0
1.3759831216653924,0.2204746869985995,-0.21802004754526635,-0.5748252523205273,0.7552579938587471,0
-2.0150958371286225,-0.8787825971671734,-1.778468384326259,1.5837910642082464,-0.5539341800988081,1
1.3294503057642737,0.5274565803006741,0.9394770731555714,-1.0394600219317138,-0.5606234831774233,1
-1.9103970013511056,-1.4935406448147943,-1.7231613546681983,1.4862097786665345,-0.5816470071387855,1
0.20684612214978884,-1.4000164069459222,-0.6209712636254213,-0.7954180978178513,-0.6447175790228721,1
0.4336935996677414,0.08306752647787771,-1.1068830241926673,-0.7315467109178219,1.3859637126996127,0
0.003265052582394973,1.002623249558025,0.3982582829302646,-0.5304701225288402,1.2139530621066497,0
1.1724020520979983,-0.8211986715154258,0.2560402066666808,-0.4269748196815703,-0.5740020893346538,1
-0.12470019114568118,-0.18995970721575264,-0.8738033992051266,0.7233015462495158,-0.7192555276131563,1
-0.6947271859343831,0.3713842852583517,0.7063974481680305,-0.4949860186954905,-0.6905870858476623,1
0.3987939877419031,-0.6700905079948057,-0.5854167445595254,0.6286772693605832,-0.5262213530588306,1
0.3522611718407845,0.11424227243416878,-0.13505950305817552,1.3147032768053444,2.6473751503813445,0
-0.7354433998478621,-1.4631601599019763,-1.3004576279958793,1.4448116575276264,-0.5673127862560385,1
-1.4334356383646405,-2.839018852457005,-2.089767951258771,1.832179791041694,-0.5338662708629623,1
0.5209426294823387,-0.4931688605613333,-0.10740598822914524,-0.8353377146303697,-0.6800753238669812,1
0.09633068438463216,0.3052620533892759,1.0026851070504972,-0.23181224859814695,-0.6045817605511806,0
1.1316858381845198,0.5209039266920269,0.0980201219293649,-1.033634714885739,-0.4373491835857996,0
0.5267592314699793,0.7637492407337069,1.0698436430638565,-0.8371119198220373,-0.6122266783553123,1
-0.3108314547501556,0.7085480982123766,0.011109075323841195,0.2679222137215279,-0.6676523324352672,1
-0.2352156289108372,0.9613216752974612,0.9671305879846016,-1.0561493787679994,-0.6007593016491147,1
-0.8110592256871796,1.1751764612523994,1.2041607150905749,-1.051199346283247,0.3156752201211738,0
0.3929773857542633,0.31181470699792313,0.9750315922214671,-0.7631867035025587,0.6023596377761128,0
1.3294503057642737,0.5274565803006741,0.9394770731555714,-1.0394600219317138,-0.5606234831774233,1
0.8524889427778087,0.648978519951948,0.3034462320878751,-0.9054188197012352,0.22011374756952734,0
-2.8468699213611166,0.690677224734248,1.5202008845652066,-1.0568095605198191,0.23922604207985665,0
1.6784464250226634,0.43115242877964827,-0.2022180390715352,-0.964854693622096,0.965493233472369,0
-0.8808584495388575,0.1080867493472579,-0.3760401322825822,0.36254649061046057,-0.6523624968270038,1
-0.06653417126928292,0.552475803170054,0.5681298740228791,0.306363326207657,-0.6867646269455965,1
0.8117727288643299,0.7327730600382841,0.5957833888519094,0.1171147724297919,1.0228301170033571,0
0.22429592811270832,0.5423489748657813,0.9592295837477358,-0.19041412745923894,1.089723147789509,0
0.2882785499767457,0.8725630036894229,1.2713192511039335,0.9214211259857186,1.0228301170033571,0
0.4046105897295423,0.5397676264744959,1.2752697532223671,-1.0501643932547744,-0.18984496967703546,1
0.334811365877865,0.7849957236465931,0.8999720519712424,-1.019855054563788,-0.5673127862560385,0
0.957187778555325,0.18513007056407849,0.17703016429802285,-0.9506610520887564,-0.4306598805071841,0
0.6023750573092963,0.518918274083346,1.0974971578928867,-0.6990196157372514,-0.3092968103665933,1
0.5907418533340166,1.173985069687191,1.4925473697361762,-1.0564539506592356,-0.5204876647057318,0
0.6198248632722158,0.4952890080400428,1.2515667405117692,-0.2672963524314966,-0.6829421680435307,1
1.5155815693687482,0.36939863264967066,-0.60516925515169,-0.4742869581260366,-0.5137983616271166,0
-1.3520032105376827,-1.1224221722523258,-0.5419612212567636,-0.1992851534175764,-0.3006962778369452,1
1.6377302111091845,0.22960868899853196,-0.02444544374205487,-0.9154726491206844,0.9272686444517104,1
-1.4276190363770005,-4.188071234794841,-1.8061218991552888,1.88244893813894,-0.2834952127776489,1
-0.5376789322681081,0.5238824056050483,0.20863418124548602,-0.9752042239068232,-0.6026705311001477,1
-1.9860128271904232,-1.882132860333656,-2.0573738338876213,0.07571665129088373,-0.6275165139635757,1
0.7128904950744537,0.06559378352148552,0.971081090103034,0.5133539319021969,0.1914453058040336,1
2.2193904098731663,1.1356619743396486,0.7617044778260911,-1.0500165428221353,-0.5692240157070715,0
1.009537196444084,0.9003621402109562,0.9315760689187051,-0.7977837047400747,1.9880009897749849,0
1.0618866143328425,0.228020166911587,0.2836937214957106,-0.48315798408437394,-0.4851299198616227,0
0.6198248632722158,0.8374169525157701,1.0777446473007224,-0.7404177368761593,-0.5128427469016001,1
0.5383924354452588,0.9430536712975964,0.8723185371422116,0.2945352915965404,-0.6619186440821684,0
0.7594233109755716,-1.156575397121638,-1.0713285051267716,0.4630847848049514,-0.5940699985704995,0
1.3469001117271933,0.1293332322601441,0.18888167065332154,-1.0476213658133844,-0.052236449202664716,1
-1.1018893250691706,-1.5936175362923146,-0.9409619352184856,1.7168564535833075,-0.5577566390008739,1
-1.4276190363770005,-2.1357006984622138,-1.2056455771534895,1.6843293584027372,-0.5912031543939501,1
1.5504811812945871,0.5604184136047777,-0.07185146916324918,-0.6901485897789139,1.3381829764237894,0
-0.7528932058107813,0.35351341178022305,0.33109974691690536,-0.09578985057030634,-0.5663571715305221,1
-0.5842117481692267,-0.3599315705188418,-0.19826753695310187,0.8120118058328902,-0.5711352451581044,1
0.8815719527160079,-0.2270914109980859,-0.3760401322825822,-0.9796397368859918,-0.5568010242753574,1
0.06724767444643305,-0.7018609497337011,-0.4787531873618375,0.3950735857910311,2.580482119595192,0
-1.003007091279294,-0.3581444831710285,-0.8817044034419924,1.5571779863332338,-0.3618556202699989,1
0.10214728637227198,-0.4383648485617391,-1.1740415602060266,1.527607899805443,0.04810309697656405,1
-0.014184753380524504,-3.428757677235246,-2.2268503747683925,1.8765349208333812,-0.5539341800988081,1
1.0560700123452027,0.7494525419512041,0.8920710477343762,-0.8007407133928538,1.1279477368101678,0
-1.3520032105376827,0.7303902769078671,0.9750315922214671,-1.0556289452451102,0.1914453058040336,0
0.9746375845182452,1.0492860858620274,1.5834089184601323,-1.0083227208179495,-0.11626263581226776,0
1.3469001117271933,-0.9262396945146484,-0.2812280814401927,0.7410435981661907,-0.5472448770201928,1
0.27664534600146673,-1.6063257129878727,-0.9804669564028148,0.3950735857910311,-0.5568010242753574,1
0.9222881666294866,-0.07101911595576382,1.113299166366618,-0.0011655736813737131,-0.5998036869235983,1
-0.6191113600950656,-0.20544779756346396,-1.5848937805230474,1.4921237959720923,-0.543422418118127,1
-0.11306698717040088,1.0933675737747444,0.9908336006951984,-0.8258752869414765,-0.4478609455664806,0
0.986270788493524,-0.00966245034752232,-0.601218753033257,-1.05650126279768,2.4562522052780524,0
-1.096072723081531,-0.5271235201697777,-1.1463880453769963,1.3561013979442522,-0.5529785653732916,1
0.003265052582394973,0.7147036212992874,0.8841700434975104,-0.8823541522095582,-0.16977706044118976,0
-0.5202291263051886,0.18096020008584868,0.2797432193772781,-1.0142367381235078,-0.4927748376657544,1
1.2363846739620372,-1.2054224512951892,-0.7710903441258716,-0.8791014426915009,-0.6122266783553123,1
0.6198248632722158,0.33683392986730315,1.0145366134057958,-1.0021130026471132,2.427583763512558,0
-0.3166480567377948,0.4424706486491294,0.019010079560706987,-0.4624589235149199,-0.6819865533180142,0
1.2887340918507948,0.5457245843005388,0.6905954396942989,-1.0142367381235078,1.6439796885890583,0
-1.8638641854499869,-0.8726270740802627,-2.089767951258771,1.548306960374896,-0.6017149163746311,1
-0.36899747462655386,0.5778921565611701,0.6273874057993726,-1.0395783022778249,-0.6007593016491147,1
-0.3806306786018329,0.7417084967773484,0.6826944354574331,-0.8723003227901089,-0.3905240620354928,1
0.16031330624867024,0.0727421329127372,0.3390007511537716,-0.5511691830982942,0.545022754245125,1
1.1026028282463207,0.5969544216045074,1.0816951494191551,-0.6576214945983433,1.921107958988832,0
0.7943229229014105,-0.29639068704105137,-0.2022180390715352,-1.0505192342931078,-0.5204876647057318,0
-0.3399144646883547,0.06996221926058366,0.4891198316542212,0.10528673781867516,-0.44881656029199707,1
-1.4916016582410383,0.9750226782973598,1.4964978718546091,-1.056621317348983,1.4241883017202712,0
1.0211704004193638,0.029057775521756226,0.8328135159578831,-0.713804659001147,-0.13537493032259704,1
0.10796388835991184,-2.2415359825049075,-1.5177352445096883,1.88244893813894,-0.43543795413476655,1
-0.8866750515264973,1.2732677001212382,1.5834089184601323,-1.0567256997544259,0.6883649630725946,0
-0.4853295143793497,-0.5380446095175229,-0.5696147360857939,1.6665873064860617,-0.6628742588076849,1
-0.4446133004658709,-0.1258231279553576,0.971081090103034,-0.13718797170921435,-0.671474791337333,1
0.9979039924688043,0.35947036960626594,0.686644937575866,-0.6369224340288894,1.4719690379960946,0
-1.032090101217493,-0.010059580869258644,0.08221811345563332,-1.0425057408440763,0.9368247917068748,0
0.8175893308519698,0.09656996421690844,-0.30888159626922296,0.2472231531520741,-0.5529785653732916,1
0.8699387487407283,0.7687133722554094,1.0026851070504972,-0.6132663648066562,-0.6294277434146086,1
0.3406279678655048,-1.332305652989902,-0.747387331415274,0.3950735857910311,-0.6017149163746311,1
-0.32246465872543456,-0.6845857720381767,-1.5848937805230474,1.3708864412081478,-0.5319550414119294,1
-0.20613261897263807,0.5137555773007755,0.4259117977592953,-0.7256326936122636,-0.6466288084739049,1
-0.16541640505915994,0.17996737378150826,0.2362876960745163,-0.24068327455648425,4.472599276117791,0
0.03816466450823392,-0.3644985715188079,0.6313379079178054,-1.0562292180016244,-0.5845138513153348,1
-0.1188835891580407,-1.0555056793397777,-0.861951892849828,1.2141649826108536,0.3825682509073263,1
0.5558422414081784,1.1894731600349022,1.1528041875509472,-0.21702720533425127,-0.4497721750175135,0
-0.991373887304014,0.3491449760411249,0.0980201219293649,1.332445328722019,-0.2118241083639142,1
0.7594233109755716,0.6736006122995919,1.3345272849988603,-0.8530797665470445,-0.5137983616271166,0
0.8292225348272502,-0.4246638455618405,-1.3636656618908054,1.1343257489858165,-0.4889523787636885,1
-1.5381344741421568,0.3417980613890056,-0.2654260729664611,1.05448651536078,-0.5137983616271166,1
0.6256414652598562,0.5691552850829741,0.5957833888519094,1.1106696797635836,0.41123669267282004,1
0.5151260274946996,0.977604026688645,1.1804577023799776,-1.0539759774082067,-0.3284091048769226,1
-1.875497389425267,-2.6841379489798913,-2.113866014181212,1.8528788516111483,-0.4832186904105898,1
0.7826897189261309,1.1525400215134365,1.405636323130652,-1.0436294041321323,-0.4526390191940629,0
-0.5667619422063073,-0.2231201057807241,0.5760308782597449,1.2348640431803075,-0.6686079471607836,1
1.1375024401721603,0.3487478455193889,-0.5538127276120626,-1.0443390862087996,3.4309792253048443,0
-1.7417155437095508,-0.11033503760764632,0.07431710921876754,-0.9429728295915306,-0.056058908104730534,1
0.0323480625205941,0.7657348933423878,0.8525660265500477,-1.0151238407193417,1.7873218974165277,0
-0.04908436530636345,0.872960134211159,1.243665736274904,-1.0444277964683828,-0.2729834507969677,0
-1.2065881608466873,-2.840408809283082,-1.83377541398432,1.5660490122915716,-0.595025613296016,1
0.32317816190258536,0.5798778091698512,0.6155358994440738,-0.9281877863276348,-0.6217828256104769,1
0.20684612214978884,0.322140100563064,-0.5577632297304954,0.4394287155827184,-0.6380282759442569,1
0.5849252513463775,-1.1472428298608377,-1.9787588417308069,1.53647892576378,-0.5185764352546989,1
1.3061838978137146,0.4913177028226808,0.05061409650817016,1.0012603596107552,0.3538998091418324,1
-2.684005065707201,-4.037161636535089,-2.3107985447850914,1.5394359344165591,-0.5587122537263903,1
0.5151260274946996,-0.2985749049106003,-0.4471491704143741,-0.012993608292490454,1.233065356616979,0
0.1254136943228313,0.44207351812739343,0.5088723422463857,-0.5984813215427605,-0.60744860472773,1
-0.5493121362433878,0.12178775234715646,-0.2338220560189979,1.0249164288329886,-0.7135218392600574,1
-1.0146402952545732,-2.466510423068459,-1.6955078398391683,1.3235743027636822,-0.5778245482367197,1
-0.0025515494052448517,1.0069916852971228,1.2278637278011724,-0.8371119198220373,-0.4535946339195794,0
1.0037205944564442,0.990312203384203,0.6708429291021344,-0.48315798408437394,0.7265895520932529,0
-1.061173111155692,0.1648764139555331,-0.4115946513484783,1.1224977143747,-0.596936842747049,1
0.5616588433958175,-0.4077857983880521,-1.56119076781245,-0.2051991707231345,-0.3398764815831202,1
-1.3403700065624031,-2.2772777294611646,-1.7982208949184235,1.5601349949860133,-0.5730464746091373,1
-2.241943314646575,-1.1931114051213672,-1.1226850326663989,-0.8817627504790023,-0.6619186440821684,0
-0.6714607779838238,0.025880731347866705,0.3113472363247409,-0.18154310150090136,2.0644501678163016,1
1.0386202063822831,-0.04123432682554953,-0.5498622254936294,1.0515295067080006,-0.5778245482367197,1
-0.13633339512096082,-0.11490203860761244,-0.1706140221240716,-0.25842532647315913,-0.6982320036517939,1
1.2771008878755157,0.4674898715185094,0.8328135159578831,-1.0542214091263875,-0.05128083447714822,0
1.3585333157024728,0.8511179555156687,1.0816951494191551,-1.0530918318210258,0.5736911960106189,0
-0.2468488328861175,1.0858220938617569,1.243665736274904,-0.9559836676637586,1.3859637126996127,0
-1.5497676781174368,-1.1128910397306573,-1.608596793233645,1.376800458513706,-0.6217828256104769,1
-1.1367889369950095,-2.8169781085006464,-1.7942703927999906,1.8706209035278232,-0.6227384403359935,1
2.0099927383181333,-0.3837594018230129,-0.21802004754526635,-0.9891021645748852,-0.11817386526330073,1
0.2417457340756278,0.6416316052998287,0.3350502490353387,-1.0520864488790809,-0.5395999592160611,0
0.8757553507283681,1.0274439071665369,0.5957833888519094,-0.9068973240276248,0.44946128169347854,0
0.5209426294823387,-0.6853800330816487,-0.8777539013235593,0.8327108664023442,-0.6036261458256642,1
0.6721742811609749,0.2603863044330867,-0.9212094246263214,0.9332491605968348,-0.20513480528529887,1
0.6023750573092963,0.7560051955598512,1.1567546896693799,-0.16380104958422667,-0.5644459420794892,1
-0.24103223089847706,-0.2799097703889995,-0.4629511788881057,1.3472303719859149,-0.6638298735332013,1
-0.4446133004658709,0.9968648569928502,0.686644937575866,-0.9997473957248901,2.4849206470435456,0
-0.7063603899096629,0.8763357436459167,-0.059999962807950925,0.7440006068189698,-0.6265608992380592,1
0.4627766096059405,0.16706063182508218,0.8999720519712424,-1.0195593536985104,-0.13919738922466285,0
-0.05490096729400263,0.5151455341268523,0.3271492447984729,-0.4772439667788157,-0.2567380004631879,0
0.8117727288643299,0.6785647438212943,0.7063974481680305,-1.0210378580248998,-0.5319550414119294,1
-0.7703430117737011,-2.3233448699825634,-1.7982208949184235,1.8617498775694852,-0.5701796304325879,1
0.5907418533340166,0.7359501042121737,1.3858838125384878,-0.9651503944873742,2.561369825084863,0
0.23011253010034816,1.2109182082086565,1.2239132256827394,-1.040287984354492,2.2555731129195946,0
0.026531460532954274,-0.7932009697330248,-1.154289049613862,0.8149688144856694,-0.6752972502393989,1
0.2999117539520261,0.2399340825636728,-0.4708521831249717,-0.4624589235149199,0.18188915854886886,1
-0.9739240813410946,0.6106554246044058,0.6550409206284028,-1.0006344983207238,2.1791239348782776,0
0.026531460532954274,1.0907862253834593,1.563656407867968,-1.0533875326863036,2.274685407429924,0
-0.10143378319512188,-0.22927562886763514,-1.4742797212069263,1.6192751680415962,-0.4889523787636885,1
-0.5434955342557479,0.4863535713009786,0.094069619810932,0.06388861667976731,-0.6600074146311355,1
1.2014850620361976,0.8531036081243496,0.14542614735055967,-0.7552027801400552,-0.5214432794312482,0
0.9222881666294866,0.19068989786838544,-0.06790096704481627,-0.4595019148621409,0.5545789015002897,0
0.6605410771856945,0.3265085363021621,0.7498529714707923,-0.5777822609733064,-0.5482004917457093,1
1.6900796289979432,0.14184284369483402,0.3469017553906374,-0.4802009754315948,-0.52908819723538,1
-0.6772773799714639,0.12734757965146318,-0.13505950305817552,-0.6871915811261348,2.408471469002229,1
-0.4504299024535107,-0.4949559479091462,-0.3918421407563138,-0.6901485897789139,0.019434655211069983,1
-1.2938371906612849,0.8739529605154994,1.377982808301622,-1.0563001862092911,-0.4144144301734044,0
-0.6365611660579849,1.0357836481229967,1.0777446473007224,-1.0509923556775524,-0.4268374216051184,0
0.04979786848351357,0.1744075464772015,-1.1068830241926673,1.6518022632221665,-0.6332502023166746,1
0.6023750573092963,0.3211472742587235,0.9039225540896748,-0.5600402090566317,-0.5892919249429172,1
-0.6947271859343831,0.6857130932125457,0.7182489545233287,-1.0109840286054508,-0.6122266783553123,1
